id,first_name,last_name,email,gender
1,Aurelie,Brandli,abrandli0@slashdot.org,Female
2,Lesley,Goodding,lgoodding1@home.pl,Male
3,Zelig,Huddles,zhuddles2@slate.com,Genderfluid
4,Damaris,Tubbles,dtubbles3@archive.org,Female
5,Sinclair,Verry,sverry4@bing.com,Male
6,Lorilee,Feldmesser,lfeldmesser5@rediff.com,Female
7,Leonard,Pannett,lpannett6@hhs.gov,Polygender
8,Bette-ann,Pooley,bpooley7@go.com,Genderqueer
9,Emelyne,Harrison,eharrison8@nifty.com,Genderqueer
10,Bond,Castan,bcastan9@patch.com,Male
11,Anallise,Syfax,asyfaxa@telegraph.co.uk,Female
12,Gerhardt,Fey,gfeyb@hao123.com,Male
13,Rodd,Heller,rhellerc@netlog.com,Male
14,Adolf,Migheli,amighelid@dedecms.com,Male
15,Elnore,O'Garmen,eogarmene@gnu.org,Female
16,Alida,McGeachy,amcgeachyf@ameblo.jp,Female
17,Merrili,Jordanson,mjordansong@nasa.gov,Female
18,Jermaine,Bassill,jbassillh@devhub.com,Female
19,Rupert,De Stoop,rdestoopi@yelp.com,Male
20,Ursola,Dews,udewsj@intel.com,Female
21,Igor,Elliman,iellimank@usa.gov,Male
22,Guillaume,Bolens,gbolensl@123-reg.co.uk,Male
23,Alfredo,McLemon,amclemonm@blog.com,Male
24,Man,Kiddy,mkiddyn@newsvine.com,Male
25,Kissiah,Hartnup,khartnupo@bluehost.com,Female
26,Bone,Anthonsen,banthonsenp@earthlink.net,Male
27,Emmaline,Weaben,eweabenq@mlb.com,Female
28,Fanchette,De Dei,fdedeir@odnoklassniki.ru,Female
29,Cesya,Dalgety,cdalgetys@abc.net.au,Polygender
30,Briny,Bichener,bbichenert@twitpic.com,Female
31,Norry,Champney,nchampneyu@newsvine.com,Female
32,Edward,Mithun,emithunv@ucla.edu,Male
33,Carlie,Walak,cwalakw@sitemeter.com,Genderfluid
34,Viva,Ivanikov,vivanikovx@narod.ru,Female
35,Adamo,Hintzer,ahintzery@infoseek.co.jp,Male
36,Verla,Gouinlock,vgouinlockz@nifty.com,Female
37,Erminie,Seiler,eseiler10@plala.or.jp,Female
38,Luelle,Kiebes,lkiebes11@com.com,Female
39,Christabel,Beedle,cbeedle12@dagondesign.com,Genderfluid
40,Erich,Fideler,efideler13@nbcnews.com,Male
41,Wolfy,Arend,warend14@tuttocitta.it,Male
42,Denis,Muat,dmuat15@theguardian.com,Male
43,Lorilyn,Frankish,lfrankish16@php.net,Genderqueer
44,Marice,Batterham,mbatterham17@t-online.de,Female
45,Violetta,Portwain,vportwain18@booking.com,Female
46,Marten,Eskrigg,meskrigg19@eventbrite.com,Male
47,Redd,Blower,rblower1a@redcross.org,Male
48,Garth,Korf,gkorf1b@pagesperso-orange.fr,Male
49,Consalve,Phelip,cphelip1c@sbwire.com,Male
50,Burnaby,BURWIN,bburwin1d@xing.com,Male
51,Alfonse,Agott,aagott1e@sakura.ne.jp,Male
52,Lonnie,New,lnew1f@twitpic.com,Female
53,Anny,Claydon,aclaydon1g@lycos.com,Female
54,Eleonore,Cicculini,ecicculini1h@mozilla.com,Female
55,Ottilie,Alcide,oalcide1i@booking.com,Female
56,Gillan,Nineham,gnineham1j@narod.ru,Female
57,Gilberto,Cristol,gcristol1k@netscape.com,Male
58,Rosalind,Flanders,rflanders1l@upenn.edu,Female
59,Corabella,Breckon,cbreckon1m@hugedomains.com,Female
60,Monte,ducarme,mducarme1n@examiner.com,Male
61,Murray,Rounsivall,mrounsivall1o@hubpages.com,Male
62,Giovanni,Sant,gsant1p@nasa.gov,Male
63,Rosabel,Lile,rlile1q@seesaa.net,Female
64,Davin,Shayes,dshayes1r@omniture.com,Male
65,Meryl,Bispo,mbispo1s@mashable.com,Male
66,Deloris,Haibel,dhaibel1t@usda.gov,Female
67,Sherwin,Hasson,shasson1u@unc.edu,Male
68,Annice,Mouland,amouland1v@ucoz.com,Female
69,Donny,Gerrish,dgerrish1w@umn.edu,Female
70,Daisy,Tohill,dtohill1x@homestead.com,Female
71,Abbi,Feveryear,afeveryear1y@ibm.com,Female
72,Allard,Gradley,agradley1z@friendfeed.com,Male
73,Gwenore,Sille,gsille20@tuttocitta.it,Female
74,Roana,Gosnell,rgosnell21@baidu.com,Female
75,Cammi,Giacomi,cgiacomi22@dot.gov,Female
76,Humphrey,Phare,hphare23@tinyurl.com,Male
77,Kev,Antoni,kantoni24@nih.gov,Male
78,Corrine,Lassell,classell25@typepad.com,Female
79,Olvan,Bouttell,obouttell26@washingtonpost.com,Male
80,Maddie,Ussher,mussher27@hao123.com,Male
81,Franky,Manclark,fmanclark28@privacy.gov.au,Male
82,Etienne,Reace,ereace29@accuweather.com,Male
83,Esme,Serjent,eserjent2a@oaic.gov.au,Male
84,Kate,Bodocs,kbodocs2b@sfgate.com,Female
85,Sebastien,Ebbetts,sebbetts2c@istockphoto.com,Male
86,Fons,Wingrove,fwingrove2d@domainmarket.com,Male
87,Delmor,Deegin,ddeegin2e@symantec.com,Male
88,Brooks,Hanshaw,bhanshaw2f@qq.com,Male
89,Gerome,Kimbling,gkimbling2g@histats.com,Male
90,Breanne,Tacon,btacon2h@samsung.com,Female
91,Mick,Rankine,mrankine2i@cyberchimps.com,Male
92,Shamus,Stuckes,sstuckes2j@examiner.com,Male
93,Lotta,Salmons,lsalmons2k@accuweather.com,Female
94,Birgitta,Danielut,bdanielut2l@sphinn.com,Female
95,Vanda,Guerrazzi,vguerrazzi2m@alibaba.com,Female
96,Gretna,Lancastle,glancastle2n@berkeley.edu,Female
97,Husein,Howett,hhowett2o@fema.gov,Male
98,Fancy,O'Longain,folongain2p@fema.gov,Female
99,Martguerita,Gilliatt,mgilliatt2q@jiathis.com,Female
100,Bernelle,Aries,baries2r@aboutads.info,Female
101,Pegeen,Hackleton,phackleton2s@google.cn,Female
102,Darleen,Berringer,dberringer2t@over-blog.com,Female
103,Natalya,Trenfield,ntrenfield2u@studiopress.com,Female
104,Ameline,Matchett,amatchett2v@tumblr.com,Female
105,Pansie,Lardiner,plardiner2w@nyu.edu,Female
106,Reginald,Karel,rkarel2x@odnoklassniki.ru,Male
107,Rube,Haselwood,rhaselwood2y@weebly.com,Male
108,Eugenius,Avramchik,eavramchik2z@discovery.com,Male
109,Yank,Bault,ybault30@huffingtonpost.com,Male
110,Nina,Booij,nbooij31@vkontakte.ru,Female
111,Blythe,McIlhagga,bmcilhagga32@barnesandnoble.com,Female
112,Erwin,Airdrie,eairdrie33@amazon.co.jp,Male
113,Holly,Housin,hhousin34@state.tx.us,Male
114,Merrill,Kiley,mkiley35@xing.com,Male
115,Micky,Morit,mmorit36@wikispaces.com,Male
116,Corrina,Crepin,ccrepin37@123-reg.co.uk,Female
117,Urbano,Sell,usell38@springer.com,Male
118,Gerty,Parlor,gparlor39@omniture.com,Female
119,Ramonda,Mundee,rmundee3a@google.es,Female
120,Robbert,Hallawell,rhallawell3b@wikia.com,Male
121,Nobie,Gitting,ngitting3c@php.net,Male
122,Melissa,Manicomb,mmanicomb3d@networksolutions.com,Female
123,Rob,Duckitt,rduckitt3e@live.com,Male
124,Beryl,Winger,bwinger3f@vimeo.com,Female
125,Enrica,Huggins,ehuggins3g@about.com,Female
126,Abraham,Braybrooke,abraybrooke3h@mapquest.com,Male
127,Randall,Moyser,rmoyser3i@ft.com,Male
128,Giorgio,Tweede,gtweede3j@tiny.cc,Male
129,Dall,Cundy,dcundy3k@1688.com,Male
130,Fitzgerald,Dell Casa,fdellcasa3l@globo.com,Male
131,Hannah,Yeld,hyeld3m@columbia.edu,Female
132,Lauri,Durnian,ldurnian3n@ovh.net,Female
133,Emili,Leggen,eleggen3o@senate.gov,Female
134,Georgetta,Alu,galu3p@ucla.edu,Female
135,Reg,De Ferrari,rdeferrari3q@bing.com,Male
136,Kaylyn,Heinzel,kheinzel3r@meetup.com,Female
137,Torrin,Barton,tbarton3s@pen.io,Male
138,Gabie,Berthouloume,gberthouloume3t@example.com,Agender
139,Randolf,Mahmood,rmahmood3u@ustream.tv,Male
140,Edgard,Eadmeades,eeadmeades3v@cpanel.net,Male
141,Margarita,Stoke,mstoke3w@paypal.com,Female
142,Gloriane,Aimson,gaimson3x@zdnet.com,Female
143,Kennett,Worsom,kworsom3y@odnoklassniki.ru,Male
144,Camey,Kuhnert,ckuhnert3z@smh.com.au,Male
145,Berti,Laverick,blaverick40@who.int,Male
146,Walker,Adriano,wadriano41@naver.com,Bigender
147,Jeanette,McGookin,jmcgookin42@comcast.net,Female
148,Selene,Ewell,sewell43@netscape.com,Female
149,Kerk,Pinkerton,kpinkerton44@cargocollective.com,Male
150,Camille,Petticrow,cpetticrow45@examiner.com,Female
151,Fleurette,Morford,fmorford46@gizmodo.com,Female
152,Franz,Frazer,ffrazer47@techcrunch.com,Male
153,Ambros,Troop,atroop48@apache.org,Male
154,Addison,Penman,apenman49@pen.io,Male
155,Hedy,Setter,hsetter4a@tinyurl.com,Female
156,Claudette,Pettiford,cpettiford4b@hud.gov,Female
157,Olenolin,Spawforth,ospawforth4c@lycos.com,Male
158,Derward,Reihm,dreihm4d@1und1.de,Agender
159,Zared,Castagne,zcastagne4e@nationalgeographic.com,Male
160,Vasili,Ratcliffe,vratcliffe4f@examiner.com,Male
161,Jeanie,Branscomb,jbranscomb4g@unblog.fr,Female
162,Eustace,Knightley,eknightley4h@dailymotion.com,Male
163,Siusan,Lukianovich,slukianovich4i@wp.com,Female
164,Lilah,Jeratt,ljeratt4j@marriott.com,Female
165,Tremayne,Bulger,tbulger4k@desdev.cn,Male
166,Jule,Huntriss,jhuntriss4l@dedecms.com,Male
167,Catherin,Dyson,cdyson4m@photobucket.com,Female
168,Kristoforo,Bellefonte,kbellefonte4n@mit.edu,Non-binary
169,Nester,Yakobowitch,nyakobowitch4o@who.int,Male
170,Sawyere,Plumridge,splumridge4p@unc.edu,Male
171,Jeromy,Emmanueli,jemmanueli4q@sourceforge.net,Male
172,Kippie,O'Kenny,kokenny4r@seesaa.net,Male
173,Noelani,Courtois,ncourtois4s@fda.gov,Female
174,Laryssa,Joselevitz,ljoselevitz4t@netvibes.com,Female
175,Lauri,Rothschild,lrothschild4u@weebly.com,Genderfluid
176,Jerrilyn,Ambage,jambage4v@virginia.edu,Female
177,Marcus,Main,mmain4w@weather.com,Male
178,Barri,Boykett,bboykett4x@howstuffworks.com,Male
179,Mercedes,Rainsbury,mrainsbury4y@unblog.fr,Female
180,Tabbie,Kits,tkits4z@deliciousdays.com,Female
181,Wilhelmine,Brookz,wbrookz50@admin.ch,Female
182,Karyl,Brimmell,kbrimmell51@cocolog-nifty.com,Female
183,Milli,Screen,mscreen52@dailymail.co.uk,Female
184,Hyacintha,Yeaman,hyeaman53@opensource.org,Female
185,Eward,Cottis,ecottis54@cpanel.net,Male
186,Ruggiero,Files,rfiles55@elegantthemes.com,Male
187,Loralyn,Southwick,lsouthwick56@so-net.ne.jp,Female
188,Ellie,Owens,eowens57@csmonitor.com,Female
189,Vonni,Baudy,vbaudy58@reference.com,Female
190,Aubrette,Ash,aash59@tripadvisor.com,Female
191,Peyter,Hadland,phadland5a@rakuten.co.jp,Polygender
192,Claudian,Cowup,ccowup5b@myspace.com,Male
193,Marysa,Tinsley,mtinsley5c@de.vu,Genderfluid
194,Hyacinthia,McCalister,hmccalister5d@delicious.com,Female
195,Sidney,Sherrard,ssherrard5e@virginia.edu,Male
196,Obadiah,Barefoot,obarefoot5f@sitemeter.com,Male
197,Trstram,Crone,tcrone5g@marriott.com,Male
198,Larisa,Willes,lwilles5h@opera.com,Female
199,Inglis,Calken,icalken5i@mac.com,Male
200,Linn,Kerans,lkerans5j@goo.gl,Female
201,Brittney,Ormesher,bormesher5k@guardian.co.uk,Female
202,Nick,Cordaroy,ncordaroy5l@mit.edu,Male
203,Arden,Antonias,aantonias5m@businesswire.com,Female
204,Willem,Cade,wcade5n@histats.com,Male
205,Leila,Dallaghan,ldallaghan5o@kickstarter.com,Female
206,Karl,Dunthorne,kdunthorne5p@vk.com,Male
207,Aindrea,Cowpertwait,acowpertwait5q@nature.com,Genderqueer
208,Nadeen,Russen,nrussen5r@google.pl,Female
209,Barnie,Shaw,bshaw5s@drupal.org,Male
210,Abran,Oliff,aoliff5t@slate.com,Male
211,Cicily,Grzeszczyk,cgrzeszczyk5u@parallels.com,Female
212,Joela,Yukhin,jyukhin5v@slideshare.net,Female
213,Anny,Carnihan,acarnihan5w@npr.org,Female
214,Alysia,Parsand,aparsand5x@infoseek.co.jp,Genderqueer
215,Nathalie,Loughead,nloughead5y@bandcamp.com,Genderfluid
216,Dolley,Allwell,dallwell5z@pbs.org,Female
217,Rogerio,Crowcroft,rcrowcroft60@elpais.com,Male
218,Diane,Tellwright,dtellwright61@nih.gov,Female
219,Waldo,Gowenlock,wgowenlock62@mtv.com,Male
220,Timotheus,Fenge,tfenge63@51.la,Male
221,Kenny,Mullaly,kmullaly64@t.co,Male
222,Hilliary,Mosey,hmosey65@blogs.com,Female
223,Simonette,Latty,slatty66@slideshare.net,Female
224,Dominik,Bossingham,dbossingham67@examiner.com,Male
225,Emmi,Gisborne,egisborne68@mit.edu,Female
226,Duffy,Nyles,dnyles69@salon.com,Male
227,Hilliard,Harvatt,hharvatt6a@cmu.edu,Male
228,Anastassia,Gloster,agloster6b@paypal.com,Female
229,Garvin,Guilliatt,gguilliatt6c@clickbank.net,Male
230,Mella,Calderon,mcalderon6d@wikimedia.org,Female
231,Rosella,Giorgio,rgiorgio6e@adobe.com,Bigender
232,Vikki,Paroni,vparoni6f@unesco.org,Female
233,Evelin,Bartosch,ebartosch6g@smh.com.au,Male
234,Ann,Beccera,abeccera6h@java.com,Female
235,Jaquenette,Parlett,jparlett6i@bloomberg.com,Female
236,Cary,Tarzey,ctarzey6j@hugedomains.com,Non-binary
237,Angie,Boother,aboother6k@loc.gov,Female
238,Garald,Aicken,gaicken6l@pbs.org,Male
239,Allegra,McBrady,amcbrady6m@timesonline.co.uk,Female
240,Lodovico,Sircomb,lsircomb6n@samsung.com,Male
241,Cosette,Boston,cboston6o@shinystat.com,Female
242,Adela,Welbrock,awelbrock6p@weather.com,Female
243,Malachi,Top,mtop6q@altervista.org,Male
244,Eugene,Bessey,ebessey6r@delicious.com,Genderqueer
245,Carlin,Fordham,cfordham6s@icq.com,Male
246,Ryun,Wadhams,rwadhams6t@eepurl.com,Male
247,Kikelia,MacKnockiter,kmacknockiter6u@accuweather.com,Female
248,Bradley,Kettlewell,bkettlewell6v@dailymail.co.uk,Male
249,Addy,Rushbrooke,arushbrooke6w@hubpages.com,Female
250,Ilene,Sandle,isandle6x@angelfire.com,Female
251,Allissa,O' Lone,aolone6y@godaddy.com,Bigender
252,Berna,Corton,bcorton6z@yellowbook.com,Female
253,Sharlene,Chatenier,schatenier70@slate.com,Female
254,Vachel,Lurcock,vlurcock71@flickr.com,Male
255,Caitrin,Clementi,cclementi72@bandcamp.com,Female
256,Zacherie,Cramphorn,zcramphorn73@foxnews.com,Male
257,Biddy,Marklin,bmarklin74@dell.com,Non-binary
258,Frederich,Smoth,fsmoth75@princeton.edu,Male
259,Simeon,Kobsch,skobsch76@altervista.org,Male
260,Krystyna,Bernuzzi,kbernuzzi77@technorati.com,Female
261,Merna,Redgewell,mredgewell78@feedburner.com,Female
262,Orrin,Joskowicz,ojoskowicz79@drupal.org,Male
263,Shanan,Edgeson,sedgeson7a@pcworld.com,Male
264,Germain,Burgwyn,gburgwyn7b@google.es,Male
265,Eward,Gabrieli,egabrieli7c@over-blog.com,Male
266,Zorah,Muckloe,zmuckloe7d@google.es,Female
267,Meade,Winfred,mwinfred7e@paypal.com,Male
268,Petronille,Nunnerley,pnunnerley7f@craigslist.org,Female
269,Fabian,Karp,fkarp7g@ask.com,Male
270,Emanuel,Hazzard,ehazzard7h@1und1.de,Male
271,Kerrill,Ambrogetti,kambrogetti7i@reddit.com,Bigender
272,Dale,Yeliashev,dyeliashev7j@dedecms.com,Female
273,Chrisse,Eaklee,ceaklee7k@wikipedia.org,Male
274,Tammie,Hewson,thewson7l@woothemes.com,Male
275,Valina,Bechley,vbechley7m@about.com,Female
276,Xylina,Sackes,xsackes7n@github.com,Female
277,Korey,Pethick,kpethick7o@deviantart.com,Male
278,Marwin,Adds,madds7p@so-net.ne.jp,Male
279,Elonore,Dodding,edodding7q@blogs.com,Female
280,Onfre,Conley,oconley7r@ocn.ne.jp,Male
281,Grady,Littler,glittler7s@wufoo.com,Agender
282,Raphaela,Tythe,rtythe7t@go.com,Female
283,Shaylah,Gaskoin,sgaskoin7u@plala.or.jp,Female
284,Domingo,Cregan,dcregan7v@ebay.co.uk,Male
285,Malva,Filon,mfilon7w@washington.edu,Female
286,Onfre,O'Doran,oodoran7x@alibaba.com,Male
287,Cy,Martonfi,cmartonfi7y@latimes.com,Male
288,Aubert,Lechelle,alechelle7z@mysql.com,Male
289,Wilton,Glyssanne,wglyssanne80@umn.edu,Male
290,Ephrem,Patria,epatria81@amazon.com,Male
291,Norine,Kalderon,nkalderon82@vk.com,Agender
292,Mora,Juan,mjuan83@xrea.com,Female
293,Wolfy,Mayberry,wmayberry84@myspace.com,Male
294,Clarette,Farleigh,cfarleigh85@buzzfeed.com,Female
295,Elijah,Rizzini,erizzini86@google.nl,Male
296,Lancelot,Merritt,lmerritt87@artisteer.com,Male
297,Jacenta,Forrington,jforrington88@bloomberg.com,Female
298,Coriss,Dudek,cdudek89@shutterfly.com,Female
299,Felipa,Boomes,fboomes8a@unblog.fr,Female
300,Wendeline,Bertelet,wbertelet8b@dailymail.co.uk,Female
301,Inger,Bunhill,ibunhill8c@surveymonkey.com,Male
302,Cathee,Barfford,cbarfford8d@meetup.com,Female
303,Lannie,Kleszinski,lkleszinski8e@comcast.net,Male
304,Lani,O'Lenechan,lolenechan8f@umich.edu,Female
305,Roy,Ellington,rellington8g@mozilla.com,Male
306,Flossie,MacDonough,fmacdonough8h@google.fr,Female
307,Sayre,McGurn,smcgurn8i@lulu.com,Male
308,Calli,Greenhalf,cgreenhalf8j@cnet.com,Female
309,Alexei,Wylam,awylam8k@ucla.edu,Male
310,Dominick,Pietrowski,dpietrowski8l@ibm.com,Male
311,Sherm,McIlheran,smcilheran8m@mlb.com,Male
312,Dorice,Ree,dree8n@liveinternet.ru,Female
313,Ruperto,Appleford,rappleford8o@economist.com,Male
314,Granger,Feilden,gfeilden8p@macromedia.com,Male
315,Dion,Ryan,dryan8q@i2i.jp,Male
316,Riannon,Le Pine,rlepine8r@alibaba.com,Female
317,Alessandro,Babcock,ababcock8s@163.com,Male
318,Silvia,Willmore,swillmore8t@epa.gov,Female
319,Issie,Lincey,ilincey8u@netvibes.com,Female
320,Sully,Canet,scanet8v@vistaprint.com,Male
321,Garnet,Gilbane,ggilbane8w@google.com,Female
322,Fabio,Brameld,fbrameld8x@cocolog-nifty.com,Male
323,Crichton,Furman,cfurman8y@psu.edu,Male
324,Regan,McKeevers,rmckeevers8z@stumbleupon.com,Male
325,Dannel,Orwell,dorwell90@skyrock.com,Male
326,Sharai,Grancher,sgrancher91@deviantart.com,Genderfluid
327,Niel,Jowitt,njowitt92@narod.ru,Male
328,Shirleen,O'Sheilds,sosheilds93@digg.com,Female
329,Arnaldo,Laverick,alaverick94@hc360.com,Male
330,Laure,Bernard,lbernard95@reverbnation.com,Female
331,Duffie,Bunker,dbunker96@chicagotribune.com,Male
332,Davide,Hartman,dhartman97@gnu.org,Male
333,Shalom,Boggis,sboggis98@flavors.me,Male
334,Viviana,Gawkes,vgawkes99@skype.com,Female
335,Temp,Patman,tpatman9a@biblegateway.com,Male
336,Peadar,Iozefovich,piozefovich9b@spiegel.de,Male
337,Carny,Berthelet,cberthelet9c@posterous.com,Non-binary
338,Hillard,Kemish,hkemish9d@yahoo.com,Male
339,Rosella,Gornall,rgornall9e@yahoo.com,Female
340,Patric,Coope,pcoope9f@state.gov,Male
341,Conrad,Jandourek,cjandourek9g@hc360.com,Male
342,Kennan,Rodd,krodd9h@forbes.com,Male
343,Efrem,Jopling,ejopling9i@live.com,Male
344,Iona,Longmore,ilongmore9j@taobao.com,Female
345,Charo,Kleinstern,ckleinstern9k@blog.com,Female
346,Angus,Schroter,aschroter9l@cmu.edu,Male
347,Vittoria,Pendergast,vpendergast9m@cpanel.net,Female
348,Pascal,Enric,penric9n@dell.com,Male
349,Allyson,Demougeot,ademougeot9o@buzzfeed.com,Female
350,Michaeline,Cammack,mcammack9p@hostgator.com,Female
351,Algernon,Cabrera,acabrera9q@rambler.ru,Male
352,Ceil,Heinreich,cheinreich9r@51.la,Female
353,Clive,Tregonna,ctregonna9s@theglobeandmail.com,Male
354,Chiarra,Rebert,crebert9t@google.com.au,Female
355,Lief,Wingrove,lwingrove9u@cocolog-nifty.com,Agender
356,Kaye,Tattersall,ktattersall9v@51.la,Female
357,Preston,Jekyll,pjekyll9w@netlog.com,Male
358,Grant,Harbar,gharbar9x@wikispaces.com,Non-binary
359,Orlando,Carrabott,ocarrabott9y@de.vu,Male
360,Paxton,Everingham,peveringham9z@uiuc.edu,Male
361,Tessy,Arundell,tarundella0@yelp.com,Genderqueer
362,Rad,Wyer,rwyera1@paypal.com,Male
363,Adler,Corker,acorkera2@phpbb.com,Male
364,Stephani,Boneham,sbonehama3@tamu.edu,Female
365,Jojo,Klimov,jklimova4@fotki.com,Female
366,Abdul,Wernher,awernhera5@accuweather.com,Male
367,Emogene,Bordis,ebordisa6@t-online.de,Female
368,Cal,Olenikov,colenikova7@eventbrite.com,Male
369,Garrard,Vogele,gvogelea8@engadget.com,Male
370,Amalia,Matschke,amatschkea9@moonfruit.com,Female
371,Ericha,Tewkesberry,etewkesberryaa@t-online.de,Non-binary
372,Andris,Betton,abettonab@com.com,Male
373,Clemence,Thornborrow,cthornborrowac@skyrock.com,Female
374,Chastity,Margrie,cmargriead@sciencedirect.com,Female
375,Abner,Lorek,alorekae@usa.gov,Male
376,Chery,Piff,cpiffaf@cocolog-nifty.com,Female
377,Linea,Serginson,lserginsonag@abc.net.au,Non-binary
378,Ruthann,Strawbridge,rstrawbridgeah@eventbrite.com,Female
379,Theo,Ruddell,truddellai@godaddy.com,Male
380,Yorgos,Inkpin,yinkpinaj@economist.com,Male
381,Thaddus,Brusle,tbrusleak@icq.com,Male
382,Lilias,Ruddell,lruddellal@simplemachines.org,Female
383,Carlye,Thresh,cthresham@fc2.com,Female
384,Mattie,Abraham,mabrahaman@nbcnews.com,Female
385,Daryle,Kleinmann,dkleinmannao@state.tx.us,Male
386,Jackie,Bercevelo,jberceveloap@de.vu,Female
387,Danit,Trudgion,dtrudgionaq@nydailynews.com,Female
388,Carma,Piers,cpiersar@archive.org,Female
389,Helaine,Eixenberger,heixenbergeras@miibeian.gov.cn,Female
390,Mignon,Bevens,mbevensat@t-online.de,Female
391,Bernadette,McGavin,bmcgavinau@china.com.cn,Female
392,Miof mela,Firby,mfirbyav@mtv.com,Polygender
393,Denney,Vanichkin,dvanichkinaw@berkeley.edu,Polygender
394,Doyle,Fricke,dfrickeax@tinypic.com,Male
395,Crosby,Gookes,cgookesay@t-online.de,Male
396,Steffie,Claus,sclausaz@google.com,Female
397,Buffy,Ashwell,bashwellb0@businesswire.com,Female
398,Morgan,Kubatsch,mkubatschb1@eepurl.com,Genderfluid
399,Magda,McPolin,mmcpolinb2@cnn.com,Female
400,Holden,Blacklidge,hblacklidgeb3@t.co,Male
401,Gisele,Georgot,ggeorgotb4@china.com.cn,Female
402,Ettore,Shrieves,eshrievesb5@alexa.com,Male
403,Staffard,Fargie,sfargieb6@msu.edu,Male
404,Ruby,Andrews,randrewsb7@hugedomains.com,Female
405,Toby,Eastabrook,teastabrookb8@canalblog.com,Male
406,Roxine,Hearfield,rhearfieldb9@cargocollective.com,Female
407,Helli,Christofides,hchristofidesba@usa.gov,Female
408,Thedrick,Jorge,tjorgebb@newsvine.com,Male
409,Ange,Garraway,agarrawaybc@tamu.edu,Male
410,Stevena,Dadswell,sdadswellbd@vistaprint.com,Female
411,Nomi,Jeandin,njeandinbe@sakura.ne.jp,Female
412,Donni,Cunradi,dcunradibf@macromedia.com,Female
413,Addy,Weatherhogg,aweatherhoggbg@microsoft.com,Genderfluid
414,Erie,Dudney,edudneybh@senate.gov,Male
415,Collen,Panton,cpantonbi@loc.gov,Female
416,Katinka,McCutheon,kmccutheonbj@howstuffworks.com,Female
417,Rois,Stocky,rstockybk@gmpg.org,Female
418,Elfrieda,O' Quirk,eoquirkbl@auda.org.au,Female
419,Maryjane,Merrisson,mmerrissonbm@mysql.com,Genderfluid
420,Rosy,Flecknoe,rflecknoebn@who.int,Female
421,Bastian,Graal,bgraalbo@dyndns.org,Male
422,Hester,Mughal,hmughalbp@apple.com,Female
423,Gillian,Dybald,gdybaldbq@issuu.com,Female
424,Reinhard,Chattelaine,rchattelainebr@indiegogo.com,Male
425,Matilde,Itshak,mitshakbs@tuttocitta.it,Female
426,Phyllis,Treagus,ptreagusbt@dailymail.co.uk,Female
427,Gerhardt,Dugget,gduggetbu@prweb.com,Male
428,Jonah,Mateu,jmateubv@redcross.org,Male
429,Andi,Dutnall,adutnallbw@devhub.com,Female
430,Rosie,Jarvis,rjarvisbx@indiegogo.com,Female
431,Jemima,Giacovetti,jgiacovettiby@wunderground.com,Female
432,Edythe,Raden,eradenbz@oaic.gov.au,Female
433,Buiron,Circuit,bcircuitc0@aol.com,Male
434,Wilone,Jerrom,wjerromc1@google.nl,Female
435,Abbey,Gosker,agoskerc2@g.co,Male
436,Flossy,Coda,fcodac3@moonfruit.com,Female
437,Garrot,Ekkel,gekkelc4@sun.com,Male
438,Osmond,Wolfinger,owolfingerc5@bigcartel.com,Male
439,Burnard,Kindell,bkindellc6@nsw.gov.au,Male
440,Mada,Lavin,mlavinc7@typepad.com,Female
441,Glenine,Cornbill,gcornbillc8@sciencedaily.com,Female
442,Tiphani,Lawtie,tlawtiec9@goo.gl,Female
443,Jocelyn,Wahlberg,jwahlbergca@histats.com,Female
444,Hildegarde,Halloway,hhallowaycb@xing.com,Female
445,Svend,Carabet,scarabetcc@oracle.com,Genderqueer
446,Gordan,Inde,gindecd@gravatar.com,Male
447,Dannye,Titlow,dtitlowce@illinois.edu,Non-binary
448,Malanie,Brauninger,mbrauningercf@ebay.com,Female
449,Cole,Romer,cromercg@plala.or.jp,Male
450,Mandel,Carden,mcardench@ifeng.com,Male
451,Felicdad,Willstrop,fwillstropci@nasa.gov,Female
452,Guinevere,Lascelles,glascellescj@woothemes.com,Female
453,Vlad,Dymott,vdymottck@umn.edu,Male
454,Meggie,Ygo,mygocl@rediff.com,Female
455,Benyamin,Walsh,bwalshcm@icq.com,Male
456,Rosaleen,de Werk,rdewerkcn@yelp.com,Female
457,Hamnet,Malcolmson,hmalcolmsonco@google.cn,Male
458,Cleon,Machen,cmachencp@bloomberg.com,Male
459,Tammara,Breckon,tbreckoncq@usa.gov,Female
460,Silvanus,McCay,smccaycr@prweb.com,Male
461,Lizabeth,Thursfield,lthursfieldcs@addtoany.com,Female
462,Pepillo,Deverson,pdeversonct@discuz.net,Male
463,Marleah,Kmieciak,mkmieciakcu@surveymonkey.com,Female
464,Tobi,Schoffler,tschofflercv@ibm.com,Female
465,Huntington,Dionisetti,hdionisetticw@nbcnews.com,Male
466,Isa,MacGahy,imacgahycx@google.com,Genderqueer
467,Serene,Lewty,slewtycy@1688.com,Agender
468,Aldis,Barter,abartercz@goodreads.com,Male
469,Chiquita,Fowley,cfowleyd0@forbes.com,Female
470,Frederique,Lempke,flempked1@ucsd.edu,Female
471,Stearne,Eagar,seagard2@zimbio.com,Male
472,Mellie,Yegorkin,myegorkind3@reference.com,Female
473,Brittne,Melmore,bmelmored4@wix.com,Female
474,Annelise,Braam,abraamd5@wikia.com,Female
475,Simonne,Durtnell,sdurtnelld6@howstuffworks.com,Non-binary
476,Katina,Papez,kpapezd7@mapy.cz,Female
477,Mill,Thresh,mthreshd8@nba.com,Bigender
478,Aeriel,Dibbin,adibbind9@msn.com,Genderqueer
479,Lianne,Brekonridge,lbrekonridgeda@unesco.org,Female
480,Stoddard,Bagg,sbaggdb@shinystat.com,Female
481,Denni,Dunsmuir,ddunsmuirdc@whitehouse.gov,Female
482,Hillie,Ganford,hganforddd@gizmodo.com,Male
483,Worden,McCreedy,wmccreedyde@macromedia.com,Male
484,Minnaminnie,Kaley,mkaleydf@ucla.edu,Female
485,Thedrick,Tinker,ttinkerdg@storify.com,Male
486,Bliss,Fochs,bfochsdh@skyrock.com,Female
487,Lee,Inworth,linworthdi@alibaba.com,Male
488,Giacobo,Spens,gspensdj@constantcontact.com,Polygender
489,Gavin,Wickey,gwickeydk@columbia.edu,Male
490,Corey,Klimp,cklimpdl@msn.com,Male
491,Martyn,Aickin,maickindm@kickstarter.com,Non-binary
492,Lemar,Daton,ldatondn@theatlantic.com,Male
493,Bailie,Dzeniskevich,bdzeniskevichdo@chronoengine.com,Bigender
494,Delinda,Moodycliffe,dmoodycliffedp@opensource.org,Female
495,Donnajean,Derle,dderledq@google.it,Female
496,Yolanthe,Umney,yumneydr@php.net,Female
497,Stan,Vigrass,svigrassds@google.com.hk,Male
498,Towny,Wormell,twormelldt@twitpic.com,Male
499,Con,Bunt,cbuntdu@tripadvisor.com,Polygender
500,Larry,Dobel,ldobeldv@naver.com,Male
501,Christine,Parradice,cparradicedw@bbc.co.uk,Female
502,Zacharia,Caunce,zcauncedx@springer.com,Male
503,Ranique,Rubert,rrubertdy@google.it,Genderqueer
504,Edward,Gonnet,egonnetdz@cdc.gov,Male
505,Tobin,Abramovicz,tabramovicze0@naver.com,Male
506,Kendre,Postians,kpostianse1@domainmarket.com,Female
507,Noah,Whinney,nwhinneye2@e-recht24.de,Male
508,Madelina,Eck,mecke3@livejournal.com,Female
509,Millisent,Maher,mmahere4@engadget.com,Female
510,Erwin,Oliver-Paull,eoliverpaulle5@unc.edu,Male
511,Shelton,Polye,spolyee6@dailymotion.com,Male
512,Renaud,Sloam,rsloame7@chronoengine.com,Male
513,Jenelle,Tenman,jtenmane8@amazon.de,Female
514,Ethyl,Bare,ebaree9@si.edu,Female
515,Atalanta,Oldknow,aoldknowea@barnesandnoble.com,Female
516,Wald,Leyrroyd,wleyrroydeb@sfgate.com,Male
517,Dav,Tander,dtanderec@time.com,Male
518,Glynn,Kilius,gkiliused@theguardian.com,Male
519,Denys,Hogbin,dhogbinee@hp.com,Agender
520,Cassey,Jahnel,cjahnelef@facebook.com,Female
521,Rufe,Cleynman,rcleynmaneg@ustream.tv,Male
522,Rick,Medford,rmedfordeh@nature.com,Male
523,Alick,Cunradi,acunradiei@pinterest.com,Male
524,Caitrin,Guilloud,cguilloudej@cloudflare.com,Female
525,Johny,Husthwaite,jhusthwaiteek@merriam-webster.com,Male
526,Wilbur,Jorger,wjorgerel@indiatimes.com,Male
527,Cissiee,Lemerie,clemerieem@ox.ac.uk,Genderfluid
528,Elisa,Candlin,ecandlinen@cmu.edu,Female
529,Novelia,Howey,nhoweyeo@angelfire.com,Non-binary
530,Broddie,Quinane,bquinaneep@dailymail.co.uk,Male
531,Bartholemy,Iscowitz,biscowitzeq@nhs.uk,Male
532,Mandi,Klus,mkluser@chronoengine.com,Female
533,Marius,Bowhey,mbowheyes@wikipedia.org,Male
534,Joscelin,Pizey,jpizeyet@t-online.de,Non-binary
535,Chad,Luety,cluetyeu@imgur.com,Male
536,Devinne,Eberle,deberleev@freewebs.com,Female
537,Shaylah,Bohlin,sbohlinew@hostgator.com,Female
538,Emera,Lawlance,elawlanceex@cam.ac.uk,Female
539,Arch,Dayly,adaylyey@stumbleupon.com,Male
540,Binky,Raisher,braisherez@baidu.com,Male
541,Lurette,Blore,lbloref0@loc.gov,Female
542,Wang,Graveson,wgravesonf1@comsenz.com,Male
543,Gretel,Teissier,gteissierf2@booking.com,Female
544,Patricio,Wrates,pwratesf3@huffingtonpost.com,Male
545,Arlina,Byatt,abyattf4@bloglines.com,Female
546,Murielle,Shilling,mshillingf5@unicef.org,Female
547,Aurea,Whetland,awhetlandf6@squarespace.com,Female
548,Ransell,Crannage,rcrannagef7@smh.com.au,Male
549,Llewellyn,Fellini,lfellinif8@virginia.edu,Male
550,Woody,Dever,wdeverf9@mapy.cz,Male
551,Tomas,Schwier,tschwierfa@lycos.com,Male
552,Jared,Pirouet,jpirouetfb@forbes.com,Male
553,Kristofer,Pill,kpillfc@ihg.com,Male
554,Dora,Joel,djoelfd@squarespace.com,Female
555,Florian,Langtree,flangtreefe@prweb.com,Male
556,Ryon,Stinson,rstinsonff@hatena.ne.jp,Male
557,Rogers,Martill,rmartillfg@sina.com.cn,Male
558,Gizela,Babington,gbabingtonfh@comcast.net,Female
559,Pat,Arnald,parnaldfi@t.co,Male
560,Ebba,Skirlin,eskirlinfj@spotify.com,Female
561,Jedidiah,McDowall,jmcdowallfk@edublogs.org,Male
562,Tobiah,Grelka,tgrelkafl@dailymail.co.uk,Male
563,Kelsey,Di Lucia,kdiluciafm@amazonaws.com,Polygender
564,Tally,Losselyong,tlosselyongfn@topsy.com,Male
565,Doug,Gyenes,dgyenesfo@kickstarter.com,Male
566,Tamera,Spohrmann,tspohrmannfp@springer.com,Genderfluid
567,Lucais,Kunkel,lkunkelfq@oaic.gov.au,Polygender
568,Magdalene,Bachanski,mbachanskifr@craigslist.org,Female
569,Ernie,Batrop,ebatropfs@berkeley.edu,Male
570,Venus,Leatherbarrow,vleatherbarrowft@nasa.gov,Female
571,Brien,Kerans,bkeransfu@mlb.com,Male
572,Krisha,Terzi,kterzifv@home.pl,Male
573,Maurie,Scurrah,mscurrahfw@cocolog-nifty.com,Male
574,Rollie,Siemons,rsiemonsfx@nature.com,Male
575,Carmine,Gruszka,cgruszkafy@state.tx.us,Female
576,Candace,Oselton,coseltonfz@hugedomains.com,Female
577,Clem,Vasyukov,cvasyukovg0@cbsnews.com,Male
578,Frazer,Petcher,fpetcherg1@engadget.com,Male
579,Elwira,Vardon,evardong2@exblog.jp,Female
580,Anna,Lamputt,alamputtg3@dropbox.com,Female
581,Bridie,Ferrarin,bferraring4@over-blog.com,Female
582,Michaeline,Buzzing,mbuzzingg5@economist.com,Agender
583,Boonie,Buttrey,bbuttreyg6@nationalgeographic.com,Male
584,Ronalda,Deniseau,rdeniseaug7@icio.us,Female
585,Thedrick,McGreary,tmcgrearyg8@xinhuanet.com,Male
586,Jocelyn,Guildford,jguildfordg9@cpanel.net,Female
587,Broderic,Mouncher,bmouncherga@smh.com.au,Male
588,Flore,Pistol,fpistolgb@engadget.com,Female
589,Matteo,Mulhall,mmulhallgc@ox.ac.uk,Male
590,Flss,Polfer,fpolfergd@huffingtonpost.com,Female
591,Alasteir,Merrydew,amerrydewge@topsy.com,Genderqueer
592,Mortimer,Mitchinson,mmitchinsongf@sitemeter.com,Male
593,Serge,Pakenham,spakenhamgg@addthis.com,Male
594,Jerrold,Tregien,jtregiengh@ox.ac.uk,Male
595,Franklin,Hubeaux,fhubeauxgi@gov.uk,Male
596,Hercule,Hanington,hhaningtongj@w3.org,Male
597,Aleksandr,Normavill,anormavillgk@fc2.com,Male
598,Fara,Cicculini,fcicculinigl@mit.edu,Female
599,Herbert,Jindra,hjindragm@weibo.com,Male
600,Cullan,Bertlin,cbertlingn@ox.ac.uk,Male
601,Isabella,Bernholt,ibernholtgo@google.it,Female
602,Stavros,Ambrosoni,sambrosonigp@ifeng.com,Male
603,Kelsi,Dirkin,kdirkingq@columbia.edu,Female
604,Fawnia,Fireman,ffiremangr@instagram.com,Female
605,Viviyan,Halden,vhaldengs@dion.ne.jp,Female
606,Banky,Hallyburton,bhallyburtongt@hhs.gov,Genderqueer
607,Caren,Sodor,csodorgu@psu.edu,Female
608,Rhoda,Goford,rgofordgv@theguardian.com,Female
609,Nicolai,Dahmel,ndahmelgw@about.com,Male
610,Willi,Drews,wdrewsgx@oakley.com,Male
611,Irena,Haitlie,ihaitliegy@weebly.com,Female
612,Vladamir,Kreutzer,vkreutzergz@mediafire.com,Male
613,Cassius,Alibone,caliboneh0@loc.gov,Polygender
614,Ingaberg,Idle,iidleh1@narod.ru,Female
615,Nan,Cantle,ncantleh2@salon.com,Non-binary
616,Tremain,Leftley,tleftleyh3@bloglines.com,Male
617,Trude,Marrett,tmarretth4@nps.gov,Female
618,Alexei,Smoth,asmothh5@sohu.com,Male
619,Chelsea,Spavon,cspavonh6@hubpages.com,Female
620,Erroll,Marshal,emarshalh7@lycos.com,Male
621,Duffy,Muglestone,dmuglestoneh8@npr.org,Male
622,Kalindi,Heberden,kheberdenh9@plala.or.jp,Bigender
623,Deeanne,Pennigar,dpennigarha@woothemes.com,Female
624,Katharina,Studholme,kstudholmehb@lulu.com,Female
625,Tonnie,Nolot,tnolothc@howstuffworks.com,Male
626,Jimmie,Bigley,jbigleyhd@bloomberg.com,Male
627,Pat,Carle,pcarlehe@photobucket.com,Female
628,Christye,Littley,clittleyhf@slideshare.net,Female
629,Ava,Adamiec,aadamiechg@imgur.com,Female
630,Reinhold,Lalley,rlalleyhh@shareasale.com,Male
631,Shelagh,Archer,sarcherhi@google.de,Female
632,Richard,Rivalland,rrivallandhj@google.nl,Male
633,Gaelan,Rizzini,grizzinihk@scribd.com,Male
634,Kimberli,Sibyllina,ksibyllinahl@hugedomains.com,Female
635,Woodman,Bubbins,wbubbinshm@de.vu,Male
636,Loree,Bifield,lbifieldhn@zimbio.com,Female
637,Fairlie,Cutriss,fcutrissho@globo.com,Male
638,Hewitt,Bewicke,hbewickehp@drupal.org,Male
639,Mayor,Jacquemy,mjacquemyhq@accuweather.com,Male
640,Luther,Verne,lvernehr@amazon.co.uk,Agender
641,Wit,Shucksmith,wshucksmithhs@sohu.com,Male
642,Minnie,Dunford,mdunfordht@woothemes.com,Bigender
643,Morly,Shiril,mshirilhu@msu.edu,Male
644,Sanson,Souten,ssoutenhv@globo.com,Male
645,Raimund,McRorie,rmcroriehw@is.gd,Male
646,Nicolais,Gurnee,ngurneehx@tiny.cc,Male
647,Alphonso,Hiers,ahiershy@delicious.com,Male
648,Johnnie,Fance,jfancehz@youtube.com,Male
649,Rowan,Haking,rhakingi0@ning.com,Male
650,Abba,Leadley,aleadleyi1@dropbox.com,Male
651,Fredric,Arundale,farundalei2@icq.com,Male
652,Diann,Illsley,dillsleyi3@etsy.com,Agender
653,Leona,Shemmans,lshemmansi4@wiley.com,Female
654,Fredelia,Hutchings,fhutchingsi5@bing.com,Female
655,Jud,Rookesby,jrookesbyi6@dailymotion.com,Male
656,Rik,Clemendet,rclemendeti7@oracle.com,Male
657,Brinn,Spain-Gower,bspaingoweri8@nymag.com,Female
658,Julie,Chaulk,jchaulki9@feedburner.com,Non-binary
659,Lucie,Stubbert,lstubbertia@mtv.com,Non-binary
660,Tamara,Egdell,tegdellib@domainmarket.com,Female
661,Shayla,Teale,stealeic@weibo.com,Female
662,Boigie,Parkins,bparkinsid@prnewswire.com,Male
663,Ailee,Edmundson,aedmundsonie@slashdot.org,Female
664,Antonius,Gabe,agabeif@shareasale.com,Male
665,Lucita,Willshear,lwillshearig@163.com,Female
666,Cara,Baggott,cbaggottih@tmall.com,Female
667,Hammad,Tetlow,htetlowii@cafepress.com,Male
668,Mar,Edmenson,medmensonij@opensource.org,Male
669,Kilian,Hogbourne,khogbourneik@narod.ru,Male
670,Cherise,Drayson,cdraysonil@squidoo.com,Female
671,Elinore,Brik,ebrikim@linkedin.com,Female
672,Fleurette,Talbot,ftalbotin@noaa.gov,Female
673,Dru,Badrock,dbadrockio@smugmug.com,Male
674,Thorndike,McCready,tmccreadyip@princeton.edu,Non-binary
675,Cassie,Delmonti,cdelmontiiq@google.it,Female
676,Jefferey,Frayn,jfraynir@tmall.com,Male
677,Jacquelyn,Townend,jtownendis@about.com,Female
678,Jasper,Pavlenkov,jpavlenkovit@pen.io,Male
679,Lanita,Berndt,lberndtiu@reddit.com,Female
680,Yolande,Gammon,ygammoniv@altervista.org,Female
681,Liesa,Flockhart,lflockhartiw@princeton.edu,Female
682,Peggie,Hold,pholdix@vistaprint.com,Female
683,Rainer,Scimonelli,rscimonelliiy@cnet.com,Male
684,Kerrill,Harrie,kharrieiz@wikispaces.com,Genderfluid
685,Jeannine,Marchenko,jmarchenkoj0@biblegateway.com,Genderqueer
686,Gavra,Stanworth,gstanworthj1@whitehouse.gov,Female
687,Addia,Rafferty,araffertyj2@fda.gov,Female
688,Sigmund,Baptist,sbaptistj3@topsy.com,Male
689,Noach,Crotty,ncrottyj4@w3.org,Male
690,Danyette,Limbert,dlimbertj5@reference.com,Female
691,Paulo,Marklew,pmarklewj6@goodreads.com,Male
692,Rad,Cockson,rcocksonj7@wikimedia.org,Male
693,Emili,L'Hommee,elhommeej8@pcworld.com,Female
694,Elita,Whorlow,ewhorlowj9@sohu.com,Female
695,Rina,MacAdam,rmacadamja@cnet.com,Female
696,Astrid,Faier,afaierjb@yale.edu,Female
697,Fairlie,Evelyn,fevelynjc@unicef.org,Male
698,Konstantin,Pancast,kpancastjd@blogger.com,Male
699,Quintilla,Brick,qbrickje@bigcartel.com,Female
700,Herrick,Nelthropp,hnelthroppjf@surveymonkey.com,Male
701,Rici,Jurisic,rjurisicjg@istockphoto.com,Female
702,Dionis,Jurasz,djuraszjh@telegraph.co.uk,Female
703,Morgana,Vedenichev,mvedenichevji@berkeley.edu,Female
704,Carlen,Tocqueville,ctocquevillejj@kickstarter.com,Female
705,Rudolph,Bachelar,rbachelarjk@mlb.com,Male
706,Zelma,Dufer,zduferjl@clickbank.net,Non-binary
707,Denny,Hollyman,dhollymanjm@sfgate.com,Male
708,Brandi,Duffrie,bduffriejn@bing.com,Female
709,Patrice,Moncreif,pmoncreifjo@goo.ne.jp,Male
710,Maximilien,Maple,mmaplejp@sourceforge.net,Male
711,Abagail,Rous,arousjq@msn.com,Female
712,Charin,Geertje,cgeertjejr@paypal.com,Female
713,Loren,Illyes,lillyesjs@washington.edu,Female
714,Chere,Cappleman,ccapplemanjt@parallels.com,Female
715,Jacquetta,Storror,jstorrorju@addthis.com,Female
716,Bartolomeo,Prando,bprandojv@ycombinator.com,Male
717,Kipper,Hardern,khardernjw@stumbleupon.com,Male
718,Ammamaria,Bake,abakejx@github.io,Agender
719,Talya,Vautin,tvautinjy@de.vu,Female
720,Frances,Klimko,fklimkojz@webs.com,Female
721,Jeana,Haskett,jhaskettk0@1688.com,Female
722,Pauline,Ragless,praglessk1@typepad.com,Female
723,Uriel,Vannar,uvannark2@si.edu,Male
724,Leif,Purry,lpurryk3@soup.io,Male
725,Martie,Braidley,mbraidleyk4@feedburner.com,Male
726,Min,McVeigh,mmcveighk5@opera.com,Female
727,Laurianne,Meadowcraft,lmeadowcraftk6@google.com.br,Female
728,Vivyanne,Jillis,vjillisk7@bbc.co.uk,Female
729,Crichton,Archard,carchardk8@scribd.com,Male
730,Melany,Keller,mkellerk9@cnbc.com,Female
731,Mattie,De Angelo,mdeangeloka@drupal.org,Male
732,Rhett,Goater,rgoaterkb@businesswire.com,Male
733,Debra,Summerlad,dsummerladkc@cbc.ca,Female
734,Dory,Raffels,draffelskd@nih.gov,Female
735,Bernadina,Simeonov,bsimeonovke@usda.gov,Female
736,Nicky,Palumbo,npalumbokf@google.it,Male
737,Jasmine,Whorall,jwhorallkg@nymag.com,Female
738,Georgeanne,Ruter,gruterkh@loc.gov,Female
739,Luca,Laytham,llaythamki@wiley.com,Male
740,Bail,Ashlee,bashleekj@w3.org,Male
741,Sollie,Spall,sspallkk@netvibes.com,Male
742,Kirsti,McQuorkel,kmcquorkelkl@who.int,Female
743,Man,Crumb,mcrumbkm@mac.com,Male
744,Noby,Solomonides,nsolomonideskn@princeton.edu,Male
745,Dudley,Ardy,dardyko@unblog.fr,Male
746,Bendix,Roper,broperkp@toplist.cz,Male
747,Ashley,Eshmade,aeshmadekq@ycombinator.com,Male
748,Jere,Pensom,jpensomkr@imageshack.us,Male
749,Bern,Kerss,bkerssks@i2i.jp,Male
750,Darill,Barehead,dbareheadkt@elegantthemes.com,Male
751,Frieda,Lassells,flassellsku@engadget.com,Female
752,Elwood,Nare,enarekv@jugem.jp,Male
753,Frasco,Alliston,fallistonkw@nps.gov,Male
754,Carson,Luscott,cluscottkx@163.com,Male
755,Coleman,Harbottle,charbottleky@blog.com,Male
756,Maridel,Lindmark,mlindmarkkz@goo.ne.jp,Female
757,Edgar,Clitsome,eclitsomel0@theglobeandmail.com,Male
758,Staci,Gallichan,sgallichanl1@elpais.com,Female
759,Gabe,Diffley,gdiffleyl2@constantcontact.com,Male
760,Lyn,Pretorius,lpretoriusl3@addthis.com,Female
761,Bradan,Strotton,bstrottonl4@4shared.com,Male
762,Haslett,Fulger,hfulgerl5@eepurl.com,Male
763,Englebert,Queree,equereel6@indiegogo.com,Male
764,Tasha,O'Tierney,totierneyl7@parallels.com,Agender
765,Sonia,Anderton,sandertonl8@theguardian.com,Female
766,Allister,Maeer,amaeerl9@mayoclinic.com,Male
767,Adela,Stockport,astockportla@columbia.edu,Female
768,Roderich,Wimp,rwimplb@google.ca,Male
769,Any,Cheevers,acheeverslc@addtoany.com,Male
770,Teddie,Bulfoy,tbulfoyld@yellowbook.com,Male
771,Morly,Abramchik,mabramchikle@imgur.com,Male
772,Norine,Dimnage,ndimnagelf@squarespace.com,Female
773,Halley,Roles,hroleslg@list-manage.com,Female
774,Felic,Reedshaw,freedshawlh@walmart.com,Male
775,Genevieve,Cowx,gcowxli@miibeian.gov.cn,Female
776,Briant,Dibdin,bdibdinlj@admin.ch,Male
777,Alejoa,Haythorn,ahaythornlk@census.gov,Male
778,Carce,Pulley,cpulleyll@wp.com,Male
779,Madge,Keepe,mkeepelm@moonfruit.com,Female
780,Georgeanne,Luff,gluffln@amazon.de,Female
781,Richie,Antrim,rantrimlo@usgs.gov,Male
782,Tymothy,Jansik,tjansiklp@ustream.tv,Male
783,Linoel,Liversidge,lliversidgelq@theglobeandmail.com,Male
784,Alexina,Dytham,adythamlr@unesco.org,Female
785,Ashely,Behrend,abehrendls@sfgate.com,Female
786,Dolf,Lohan,dlohanlt@tuttocitta.it,Male
787,Selby,Kennon,skennonlu@foxnews.com,Male
788,Marcellus,Corington,mcoringtonlv@boston.com,Male
789,Gertrud,Harlett,gharlettlw@goodreads.com,Female
790,Lavinia,Hrynczyk,lhrynczyklx@over-blog.com,Female
791,Claiborn,Pasley,cpasleyly@goo.gl,Male
792,Kimmy,Koppel,kkoppellz@stanford.edu,Female
793,Annora,Duplan,aduplanm0@digg.com,Female
794,Jerrine,Dannell,jdannellm1@google.co.jp,Female
795,Loydie,Folbigg,lfolbiggm2@newsvine.com,Male
796,Amata,Loftin,aloftinm3@nymag.com,Female
797,Arin,Aldgate,aaldgatem4@youtu.be,Male
798,Samaria,Yitzhakof,syitzhakofm5@about.com,Female
799,Reagan,Felstead,rfelsteadm6@yandex.ru,Male
800,Rowland,Tong,rtongm7@yale.edu,Male
801,Abagael,Radeliffe,aradeliffem8@army.mil,Female
802,Leoine,Garoghan,lgaroghanm9@mlb.com,Female
803,Benedetto,Kidds,bkiddsma@squidoo.com,Male
804,Gracia,Siemandl,gsiemandlmb@cloudflare.com,Female
805,Siffre,Roggerone,sroggeronemc@livejournal.com,Male
806,Stephanus,Jennemann,sjennemannmd@moonfruit.com,Male
807,Humfrid,Wolfenden,hwolfendenme@yellowbook.com,Non-binary
808,Regine,Conre,rconremf@reverbnation.com,Female
809,Edna,Benezet,ebenezetmg@stanford.edu,Female
810,Dyann,Mathonnet,dmathonnetmh@omniture.com,Bigender
811,Steve,McArley,smcarleymi@desdev.cn,Male
812,Wolf,Limeburn,wlimeburnmj@google.es,Polygender
813,Felix,Milburn,fmilburnmk@nydailynews.com,Male
814,Lona,Woolmington,lwoolmingtonml@behance.net,Female
815,Gradey,Wurz,gwurzmm@rambler.ru,Male
816,Casar,Ottewell,cottewellmn@ft.com,Male
817,Sonny,Coppen,scoppenmo@geocities.com,Male
818,Karie,Draco,kdracomp@unc.edu,Female
819,Becki,Driscoll,bdriscollmq@jiathis.com,Female
820,Domeniga,Bouch,dbouchmr@vimeo.com,Female
821,Freida,Adanez,fadanezms@vk.com,Female
822,Alecia,Olley,aolleymt@yale.edu,Bigender
823,Evangeline,Drysdall,edrysdallmu@skype.com,Female
824,Leoline,Cumesky,lcumeskymv@stanford.edu,Female
825,Decca,Beardwell,dbeardwellmw@hc360.com,Male
826,Tony,Geraldini,tgeraldinimx@twitter.com,Male
827,Loreen,Parradye,lparradyemy@boston.com,Female
828,Eula,Papaccio,epapacciomz@networkadvertising.org,Female
829,Ruddy,Raitie,rraitien0@pbs.org,Male
830,Garold,Linnett,glinnettn1@tamu.edu,Male
831,Faythe,Crabtree,fcrabtreen2@twitpic.com,Female
832,Rudy,Jerrolt,rjerroltn3@utexas.edu,Male
833,Madeline,Barter,mbartern4@csmonitor.com,Genderfluid
834,Annette,Sapsford,asapsfordn5@edublogs.org,Non-binary
835,Zak,Challens,zchallensn6@about.me,Male
836,Caren,Hryncewicz,chryncewiczn7@ted.com,Bigender
837,Goddard,Bayly,gbaylyn8@so-net.ne.jp,Male
838,Heall,Novello,hnovellon9@scribd.com,Male
839,Tremain,Stigell,tstigellna@jalbum.net,Male
840,Cos,Snell,csnellnb@businesswire.com,Male
841,Reinhard,Haulkham,rhaulkhamnc@chronoengine.com,Male
842,Halette,Fake,hfakend@ucsd.edu,Female
843,Mathe,Morl,mmorlne@free.fr,Male
844,Che,Stoneley,cstoneleynf@ucsd.edu,Male
845,Teodor,Forge,tforgeng@hud.gov,Male
846,Reyna,Pittem,rpittemnh@flickr.com,Female
847,Sal,Winger,swingerni@shinystat.com,Male
848,Candi,Emanuele,cemanuelenj@nifty.com,Female
849,Hernando,Remnant,hremnantnk@networkadvertising.org,Male
850,Wylma,Facer,wfacernl@java.com,Female
851,Noah,Jorger,njorgernm@drupal.org,Male
852,Roberto,Cant,rcantnn@pen.io,Male
853,Shalne,Boole,sbooleno@disqus.com,Female
854,Giacomo,Crose,gcrosenp@google.cn,Male
855,Oberon,Doppler,odopplernq@home.pl,Male
856,Ranice,McWhorter,rmcwhorternr@cnbc.com,Genderfluid
857,Pauly,MacNeachtain,pmacneachtainns@ehow.com,Female
858,Nichols,Teager,nteagernt@auda.org.au,Male
859,Franni,Grundle,fgrundlenu@php.net,Female
860,Ginni,Seeviour,gseeviournv@pbs.org,Female
861,Lela,Van der Brug,lvanderbrugnw@addtoany.com,Female
862,Marsh,Astridge,mastridgenx@reverbnation.com,Male
863,Carita,Bedell,cbedellny@ifeng.com,Genderfluid
864,Bendick,Lough,bloughnz@google.com.br,Male
865,Garvey,Caughan,gcaughano0@cbsnews.com,Male
866,Grove,Benzi,gbenzio1@prlog.org,Male
867,Neel,Easthope,neasthopeo2@mashable.com,Male
868,Irena,Gartan,igartano3@blog.com,Female
869,Paten,Gallafant,pgallafanto4@barnesandnoble.com,Male
870,Pall,Brecon,pbrecono5@mapy.cz,Male
871,Ruth,Pickerill,rpickerillo6@earthlink.net,Female
872,Blanche,Leather,bleathero7@slideshare.net,Female
873,Howard,Dale,hdaleo8@reuters.com,Male
874,Des,Friberg,dfribergo9@macromedia.com,Male
875,Ulrica,Halms,uhalmsoa@sciencedirect.com,Female
876,Fidole,Kenwell,fkenwellob@weibo.com,Genderqueer
877,Kerk,Hessentaler,khessentaleroc@miitbeian.gov.cn,Male
878,Florentia,Ludewig,fludewigod@forbes.com,Female
879,Hogan,Nattriss,hnattrissoe@spiegel.de,Male
880,Carolan,Egle of Germany,cegleofgermanyof@1688.com,Female
881,Jordon,Tolle,jtolleog@sfgate.com,Male
882,Gregg,Carnegy,gcarnegyoh@uiuc.edu,Male
883,Bevin,Edghinn,bedghinnoi@tuttocitta.it,Male
884,Olwen,Bedbrough,obedbroughoj@mlb.com,Female
885,Noe,Skully,nskullyok@msn.com,Male
886,Pippo,Leaney,pleaneyol@fda.gov,Male
887,Felix,Jell,fjellom@sogou.com,Male
888,Marta,Copperwaite,mcopperwaiteon@google.com,Female
889,Berenice,Bison,bbisonoo@posterous.com,Female
890,Hillary,Noakes,hnoakesop@linkedin.com,Female
891,Griffie,Hoble,ghobleoq@globo.com,Male
892,Alyson,Walls,awallsor@networkadvertising.org,Female
893,Babita,Thorlby,bthorlbyos@weibo.com,Female
894,Silvester,Deboy,sdeboyot@eventbrite.com,Male
895,Tabby,Gillford,tgillfordou@intel.com,Female
896,Ulises,Turmel,uturmelov@infoseek.co.jp,Male
897,Wittie,Stollman,wstollmanow@bigcartel.com,Male
898,Putnam,McCawley,pmccawleyox@tripod.com,Male
899,Frederick,Desborough,fdesboroughoy@buzzfeed.com,Male
900,Rockwell,Clorley,rclorleyoz@blogger.com,Male
901,Meggie,Hayworth,mhayworthp0@printfriendly.com,Female
902,Yves,Mc Curlye,ymccurlyep1@globo.com,Male
903,Myrle,Spittles,mspittlesp2@ebay.com,Female
904,Oliver,Cone,oconep3@imgur.com,Male
905,Arden,Slate,aslatep4@chronoengine.com,Female
906,Veronike,Nelhams,vnelhamsp5@parallels.com,Female
907,Lula,Heaseman,lheasemanp6@theguardian.com,Female
908,Siward,Binnie,sbinniep7@hhs.gov,Male
909,Imogene,Marrable,imarrablep8@reddit.com,Agender
910,Jobyna,Webster,jwebsterp9@tinyurl.com,Female
911,Benedicta,Dowson,bdowsonpa@comsenz.com,Female
912,Fancy,Slocket,fslocketpb@forbes.com,Female
913,Freida,Cayet,fcayetpc@bravesites.com,Genderqueer
914,Latrina,Dmitriev,ldmitrievpd@ucoz.com,Female
915,Alanson,Drew-Clifton,adrewcliftonpe@mapy.cz,Male
916,Lorettalorna,Fish,lfishpf@trellian.com,Female
917,Dara,Davidoff,ddavidoffpg@delicious.com,Non-binary
918,Lynnet,McGrayle,lmcgrayleph@geocities.jp,Female
919,Henrie,Seyfart,hseyfartpi@goo.gl,Female
920,Brenden,Maplesden,bmaplesdenpj@sohu.com,Male
921,Bernelle,Graysmark,bgraysmarkpk@delicious.com,Female
922,Cam,Yallop,cyalloppl@acquirethisname.com,Male
923,Judi,Darlasson,jdarlassonpm@nih.gov,Female
924,Armand,De la croix,adelacroixpn@china.com.cn,Male
925,Marten,Begin,mbeginpo@myspace.com,Male
926,Elia,Sharper,esharperpp@wikimedia.org,Male
927,Granville,Coalburn,gcoalburnpq@quantcast.com,Male
928,Hana,Dunkerley,hdunkerleypr@cbslocal.com,Genderfluid
929,Phyllida,Schoenrock,pschoenrockps@timesonline.co.uk,Female
930,Heda,Roantree,hroantreept@intel.com,Female
931,Cole,Syer,csyerpu@123-reg.co.uk,Male
932,Avigdor,Sherwell,asherwellpv@amazon.co.uk,Male
933,Quinn,Jelk,qjelkpw@nymag.com,Female
934,Bent,Paffett,bpaffettpx@linkedin.com,Male
935,Ivor,Muldrew,imuldrewpy@springer.com,Male
936,Zacherie,Antonovic,zantonovicpz@people.com.cn,Male
937,Aguie,Le Barre,alebarreq0@bing.com,Male
938,Jonell,Aime,jaimeq1@networksolutions.com,Female
939,Renard,Brandsen,rbrandsenq2@whitehouse.gov,Male
940,Pietro,Piddlesden,ppiddlesdenq3@nih.gov,Male
941,Sly,Anselmi,sanselmiq4@seesaa.net,Male
942,Maxy,Boniface,mbonifaceq5@barnesandnoble.com,Male
943,Hester,Blethyn,hblethynq6@studiopress.com,Female
944,Avery,Troillet,atroilletq7@umn.edu,Male
945,Dexter,Chater,dchaterq8@economist.com,Male
946,Abraham,Tysack,atysackq9@blogspot.com,Male
947,Teodoro,Tallis,ttallisqa@parallels.com,Male
948,Darrel,Seefeldt,dseefeldtqb@rediff.com,Genderqueer
949,Lucilia,Darlison,ldarlisonqc@msn.com,Female
950,Lennie,Phetteplace,lphetteplaceqd@usnews.com,Male
951,Gae,Ruppeli,gruppeliqe@myspace.com,Female
952,Salomone,Tasker,staskerqf@ca.gov,Agender
953,Molly,MacGillicuddy,mmacgillicuddyqg@wordpress.com,Non-binary
954,Harwilll,Raggatt,hraggattqh@mail.ru,Male
955,Gunar,Gokes,ggokesqi@purevolume.com,Male
956,Guglielmo,Gorger,ggorgerqj@google.co.jp,Polygender
957,Randie,Bartosch,rbartoschqk@sun.com,Female
958,Karyl,Pimm,kpimmql@ocn.ne.jp,Female
959,Vick,MacNucator,vmacnucatorqm@domainmarket.com,Male
960,Dori,McAleese,dmcaleeseqn@mashable.com,Female
961,Nolan,Fidal,nfidalqo@soundcloud.com,Male
962,Tim,Sarl,tsarlqp@yolasite.com,Male
963,Vite,Mulholland,vmulhollandqq@huffingtonpost.com,Male
964,Deloria,Izhak,dizhakqr@blogspot.com,Female
965,Molli,Monckton,mmoncktonqs@youku.com,Female
966,Garnette,Quenby,gquenbyqt@opera.com,Female
967,Hinze,Watsham,hwatshamqu@economist.com,Male
968,Skell,Ericssen,sericssenqv@t.co,Agender
969,Onfre,MacNair,omacnairqw@ask.com,Male
970,Jenda,Hirsthouse,jhirsthouseqx@pbs.org,Female
971,Brandais,McCoole,bmccooleqy@mlb.com,Female
972,Kipp,Hinkens,khinkensqz@rakuten.co.jp,Female
973,Rem,Benbough,rbenboughr0@bloomberg.com,Male
974,Chadd,Tremontana,ctremontanar1@uiuc.edu,Male
975,Brock,Robbins,brobbinsr2@wisc.edu,Male
976,Meade,Smewings,msmewingsr3@linkedin.com,Female
977,Stacee,Fairhall,sfairhallr4@so-net.ne.jp,Genderfluid
978,Valery,Braddick,vbraddickr5@imdb.com,Female
979,Merrile,Mastrantone,mmastrantoner6@oracle.com,Genderqueer
980,Francesco,Reichert,freichertr7@sciencedaily.com,Male
981,Tades,McElwee,tmcelweer8@woothemes.com,Male
982,Loralyn,Enrigo,lenrigor9@unesco.org,Female
983,Rivalee,Sutherel,rsutherelra@vistaprint.com,Female
984,Haily,Byrcher,hbyrcherrb@fema.gov,Female
985,Greg,Smithe,gsmitherc@imgur.com,Agender
986,Lind,Dimic,ldimicrd@discuz.net,Male
987,Allan,Worge,aworgere@webnode.com,Polygender
988,Shirl,Crossgrove,scrossgroverf@springer.com,Female
989,Regan,Luto,rlutorg@elpais.com,Male
990,Bobette,Farbrace,bfarbracerh@state.gov,Female
991,Lyndsey,Yearns,lyearnsri@dyndns.org,Bigender
992,Leonerd,Tovey,ltoveyrj@cdc.gov,Male
993,Nolana,Marioneau,nmarioneaurk@apple.com,Female
994,Aryn,McQuirk,amcquirkrl@skype.com,Female
995,Mab,Pionter,mpionterrm@skyrock.com,Female
996,Valentina,Tatlowe,vtatlowern@typepad.com,Female
997,Sarita,Seyler,sseylerro@alibaba.com,Female
998,Laurianne,Golden,lgoldenrp@goodreads.com,Female
999,Winthrop,Riggeard,wriggeardrq@nydailynews.com,Male
1000,Doralynn,Llewhellin,dllewhellinrr@earthlink.net,Female
